_id,id,imageName,brand,mainImage,otherImage[0],otherImage[1],otherImage[2],otherImage[3],mrp,price,description,category,sizes[0],sizes[1],sizes[2],sizes[3]
688625939138f2e695db2dbe,1,WES Casuals Teal Relaxed-Fit Cotton-Blend Polo T-Shirt,WES Casuals,https://i.postimg.cc/J0F76Cq5/1A.jpg,https://i.postimg.cc/ZnnKx5rq/1B.webp,https://i.postimg.cc/9MJQ97wS/1C.webp,,,2999,999,Classic black bomber jacket with zip closure and ribbed hems.,men,S,M,L,XL
688625939138f2e695db2dbf,2,Ascot Taupe Relaxed-Fit Cotton-Blend Quarter-Zip Polo T-Shirt,Ascot,https://i.postimg.cc/xC0dqR8M/2A.webp,https://i.postimg.cc/0NGQ83k9/2B.webp,https://i.postimg.cc/R0xhx9zP/2C.webp,,,2999,1499,Classic black bomber jacket with zip closure and ribbed hems.,men,S,M,L,XL
688625939138f2e695db2dc0,3,WES Casuals White Relaxed-Fit Polo T-Shirt,WES Casuals,https://i.postimg.cc/nc5MTBSf/3A.webp,https://i.postimg.cc/HsjVQB2t/3B.webp,https://i.postimg.cc/5y2jK3Mb/3C.webp,,,2999,899,Classic black bomber jacket with zip closure and ribbed hems.,men,S,M,L,XL
688625939138f2e695db2dc1,4,Studiofit Off-White Text Relaxed-Fit Cotton-Blend Hoodie,Studiofit,https://i.postimg.cc/2y9ysZzv/4A.webp,https://i.postimg.cc/qRLzGFS1/4B.webp,https://i.postimg.cc/RF9WKms3/4C.webp,,,2999,999,Classic black bomber jacket with zip closure and ribbed hems.,men,S,M,L,XL
688625939138f2e695db2dc2,5,WES Formals Navy Slim-Fit Cotton Polo T-Shirt,WES Formals,https://i.postimg.cc/T3L5XC5P/5A.webp,https://i.postimg.cc/cJfKvCmy/5B.webp,https://i.postimg.cc/Z5GBYp6x/5C.webp,,,2999,1299,Classic black bomber jacket with zip closure and ribbed hems.,men,S,M,L,XL
688625939138f2e695db2dc3,6,ETA Black Embroidered Relaxed-Fit Cotton Shirt,ETA,https://i.postimg.cc/J4dHg9ng/6A.webp,https://i.postimg.cc/Df6XQWK7/6B.webp,https://i.postimg.cc/GtXTbfj4/6C.webp,,,2999,1499,Classic black bomber jacket with zip closure and ribbed hems.,men,S,M,L,XL
688625939138f2e695db2dc4,7,ETA Olive Crinkle Textured Relaxed-Fit Cotton Shirt,ETA,https://i.postimg.cc/YqSmdppY/7A.webp,https://i.postimg.cc/mkLFf47x/7B.webp,https://i.postimg.cc/vBdVhfBZ/7C.webp,,,2999,1299,Classic black bomber jacket with zip closure and ribbed hems.,men,S,M,L,XL
688625939138f2e695db2dc5,8,ETA Black Embroidered Relaxed-Fit Cotton Shirt,ETA,https://i.postimg.cc/V6BbVvrB/8A.webp,https://i.postimg.cc/N0XXRpQn/8B.webp,https://i.postimg.cc/3xVpyPQp/8C.webp,,,2999,1299,Classic black bomber jacket with zip closure and ribbed hems.,men,S,M,L,XL
688625939138f2e695db2dc6,9,Ascot Black Leaf Design Relaxed-Fit Cotton-Blend Shirt,Ascot,https://i.postimg.cc/Prf10WML/9A.webp,https://i.postimg.cc/7YBS45BK/9B.webp,https://i.postimg.cc/7PngBsS8/9C.webp,,,2999,1499,Classic black bomber jacket with zip closure and ribbed hems.,men,S,M,L,XL
688625939138f2e695db2dc7,10,Ascot Navy Solid Relaxed-Fit Linen- Blend Shirt,Ascot,https://i.postimg.cc/ZnHpCnJK/10A.webp,https://i.postimg.cc/TwrrvQSb/10B.webp,https://i.postimg.cc/1XsDmwhj/10C.webp,,,2999,1699,Classic black bomber jacket with zip closure and ribbed hems.,men,S,M,L,XL
688625939138f2e695db2dc8,11,Ascot Charcoal Relaxed-Fit Linen Shirt,Ascot,https://i.postimg.cc/j5Vz1B8K/11A.webp,https://i.postimg.cc/FKkyDhVD/11B.webp,https://i.postimg.cc/nhzY94j8/11C.webp,,,2999,2299,Classic black bomber jacket with zip closure and ribbed hems.,men,S,M,L,XL
688625939138f2e695db2dc9,12,Nuon Black Text Detailed Relaxed-Fit Cotton Shirt,Nuon,https://i.postimg.cc/T34jVKgK/12A.webp,https://i.postimg.cc/NfQxBqQj/12B.webp,https://i.postimg.cc/WbSw4W46/12C.webp,,,2999,1499,Classic black bomber jacket with zip closure and ribbed hems.,men,S,M,L,XL
688625939138f2e695db2dca,13,WES Casuals Beige Checks Relaxed-Fit Cotton-Blend Shirt,WES Casuals,https://i.postimg.cc/yxyXcnyK/13A.webp,https://i.postimg.cc/v8rvJHFK/13B.webp,https://i.postimg.cc/XJFg7nZp/13C.webp,,,2999,1499,Classic black bomber jacket with zip closure and ribbed hems.,men,S,M,L,XL
688625939138f2e695db2dcb,14,WES Casuals Beige Solid Relaxed-Fit Cotton Shirt,WES Casuals,https://i.postimg.cc/brh9Z4bL/14A.webp,https://i.postimg.cc/8C7H9RNd/14B.webp,https://i.postimg.cc/3wzBTkxs/14C.webp,,,2999,1699,Classic black bomber jacket with zip closure and ribbed hems.,men,S,M,L,XL
688625939138f2e695db2dcc,15,Studiofit Grey Text Printed Relaxed-Fit Cotton-Blend Hoodie,Studiofit,https://i.postimg.cc/zGXpSmQc/15A.webp,https://i.postimg.cc/Z57Hw7tK/15B.webp,https://i.postimg.cc/15KJqRvF/15C.webp,,,2999,999,Classic black bomber jacket with zip closure and ribbed hems.,men,S,M,L,XL
688625939138f2e695db2dcd,16,Nuon Beige Relaxed-Fit Utility Jacket,Nuon,https://i.postimg.cc/Kvb0j3DF/16A.webp,https://i.postimg.cc/66nHBfRY/16B.webp,https://i.postimg.cc/Rh7GGv9j/16C.webp,,,2999,2699,Classic black bomber jacket with zip closure and ribbed hems.,men,S,M,L,XL
688625939138f2e695db2dce,17,Studiofit Beige Solid Relaxed-Fit Jacket,Studiofit,https://i.postimg.cc/hvWp9XFL/17A.webp,https://i.postimg.cc/gJ6gXv7c/17B.webp,https://i.postimg.cc/zfQdGd0P/17C.webp,,,2999,1999,Classic black bomber jacket with zip closure and ribbed hems.,men,S,M,L,XL
688625939138f2e695db2dcf,18,WES Formals Navy Slim-Fit Dobby Blazer,WES Formals,https://i.postimg.cc/Dw2pj4S5/18A.webp,https://i.postimg.cc/3xnSPrph/18B.webp,https://i.postimg.cc/gkyBHH2n/18C.webp,,,2999,3499,Classic black bomber jacket with zip closure and ribbed hems.,men,S,M,L,XL
688625939138f2e695db2dd0,19,Wardrobe Black Slit-Detailed High-Rise Bootcut Trousers,Wardrobe,https://i.postimg.cc/rF2P4PcB/31A.webp,https://i.postimg.cc/FFL674tb/31B.webp,https://i.postimg.cc/VvnZTj9Z/31C.webp,,,2999,1499,Classic black bomber jacket with zip closure and ribbed hems.,beauty,S,M,L,XL
688625939138f2e695db2dd1,20,Wardrobe Brown Solid Top,Wardrobe,https://i.postimg.cc/4drFB8ch/32A.webp,https://i.postimg.cc/XJZzKMrb/32B.webp,https://i.postimg.cc/vZzkbLJp/32C.webp,,,2999,999,Classic black bomber jacket with zip closure and ribbed hems.,women,S,M,L,XL
688625939138f2e695db2dd2,21,LOV Blue Botanical Design Tiered Dress,LOV,https://i.postimg.cc/7LtRTPY9/33A.webp,https://i.postimg.cc/XvYhJB3X/33B.webp,https://i.postimg.cc/K8Fw6sHP/33C.webp,,,2999,1899,Classic black bomber jacket with zip closure and ribbed hems.,women,S,M,L,XL
688625939138f2e695db2dd3,22,Bombay Paisley Black Botanical Design Cotton A-Line Dress,Bombay Paisley,https://i.postimg.cc/bN14Fj3Y/34A.webp,https://i.postimg.cc/662knZZv/34B.webp,https://i.postimg.cc/vTVCyRyz/34C.webp,,,2999,1299,Classic black bomber jacket with zip closure and ribbed hems.,women,S,M,L,XL
688625939138f2e695db2dd4,23,Bombay Paisley White Floral Design Cotton Tiered Dress,Bombay Paisley,https://i.postimg.cc/V6537rH2/35A.webp,https://i.postimg.cc/d05bmmn8/35B.webp,https://i.postimg.cc/4xQknT92/35C.webp,,,2999,1499,Classic black bomber jacket with zip closure and ribbed hems.,women,S,M,L,XL
688625939138f2e695db2dd5,24,Bombay Paisley White Floral Patterned Cotton Tiered Dress,Bombay Paisley,https://i.postimg.cc/pdVNF1QW/36A.webp,https://i.postimg.cc/Qd3ZXMHW/36B.webp,https://i.postimg.cc/mZPsjqvh/36C.webp,,,2999,1499,Classic black bomber jacket with zip closure and ribbed hems.,women,S,M,L,XL
688625939138f2e695db2dd6,25,Bombay Paisley Blue Foliage Cotton Tiered Dress with Jacket,Bombay Paisley,https://i.postimg.cc/CM9VQ707/37A.webp,https://i.postimg.cc/zXW1ZhXr/37B.webp,https://i.postimg.cc/d3bnjDzR/37C.webp,,,2999,1999,Classic black bomber jacket with zip closure and ribbed hems.,women,S,M,L,XL
688625939138f2e695db2dd7,26,LOV Dusty Pink Ruffle Detailed A-Line Dress,LOV,https://i.postimg.cc/zvb0hTPX/39A.webp,https://i.postimg.cc/fbC2Qz9Z/39B.webp,https://i.postimg.cc/B6wmtmpV/39C.webp,,,2999,2499,Classic black bomber jacket with zip closure and ribbed hems.,women,S,M,L,XL
688625939138f2e695db2dd8,27,Bombay Paisley Red Embroidered Cotton-Blend A-Line Dress,Bombay Paisley,https://i.postimg.cc/nc5MTBSf/3A.webp,https://i.postimg.cc/HsjVQB2t/3B.webp,https://i.postimg.cc/5y2jK3Mb/3C.webp,,,2999,1699,Classic black bomber jacket with zip closure and ribbed hems.,women,S,M,L,XL
688625939138f2e695db2dd9,28,LOV Blue Denim A-Line Dress,LOV,https://i.postimg.cc/d0wHfkD4/40A.webp,https://i.postimg.cc/vBmPQJrn/40B.webp,https://i.postimg.cc/zv622xRg/40C.webp,,,2999,2199,"Stylish, super soft and utterly comfortable...",women,S,M,L,XL
688625939138f2e695db2dda,29,Nuon Off-White Cotton-Blend Jumpsuit with Belt,Nuon,https://i.postimg.cc/Z5rsjFYW/41A.webp,https://i.postimg.cc/yY3b3CwX/41B.webp,https://i.postimg.cc/t40mhmb0/41C.webp,,,2999,1699,"Stylish, super soft and utterly comfortable...",women,S,M,L,XL
688625939138f2e695db2ddb,30,Gia Black Floral Pattern Cotton T-Shirt,Gia,https://i.postimg.cc/j58FPxxv/42A.webp,https://i.postimg.cc/N0cSwCC8/42B.webp,https://i.postimg.cc/hj4YXzBf/42C.webp,,,2999,599,"Stylish, super soft and utterly comfortable...",women,S,M,L,XL
688625939138f2e695db2ddc,31,Studiofit White Ribbed Cotton-Blend T-Shirt,Studiofit,https://i.postimg.cc/mryqZ3Kv/43A.webp,https://i.postimg.cc/52vTTWgN/43B.webp,https://i.postimg.cc/yYDwhZSR/43C.webp,,,2999,499,"Stylish, super soft and utterly comfortable...",women,S,M,L,XL
688625939138f2e695db2ddd,32,Wardrobe Black Metal-Detailed T-Shirt,Wardrobe,https://i.postimg.cc/4NjjWxzS/44A.webp,https://i.postimg.cc/dQHbTBDv/44B.webp,https://i.postimg.cc/L5XGbqCr/44C.webp,,,2999,999,"Stylish, super soft and utterly comfortable...",women,S,M,L,XL
688625939138f2e695db2dde,33,LOV Rust Gingham Checkered High-Rise Cotton Skirt,LOV,https://i.postimg.cc/sxNbdVb1/45A.webp,https://i.postimg.cc/ZRj1HPc8/45B.webp,https://i.postimg.cc/pTPwKcDV/45C.webp,,,2999,1499,"Stylish, super soft and utterly comfortable...",women,S,M,L,XL
688625939138f2e695db2ddf,34,LOV Off-White High-Rise Cotton Skirt,LOV,https://i.postimg.cc/52CWJC4J/46A.webp,https://i.postimg.cc/25NRSSyZ/46B.webp,https://i.postimg.cc/yNhqgC3r/46C.webp,,,2999,1499,"Stylish, super soft and utterly comfortable...",women,S,M,L,XL
688625939138f2e695db2de0,35,LOV Black Leaf Embroidered Tiered Dress,LOV,https://i.postimg.cc/RV8x2RzG/47A.webp,https://i.postimg.cc/gcgWHpSC/47B.webp,https://i.postimg.cc/MKX8sLgv/47C.webp,,,2999,2999,"Stylish, super soft and utterly comfortable...",women,S,M,L,XL
688625939138f2e695db2de1,36,LOV Dusty Pink Ruffle Detailed A-Line Dress,LOV,https://i.postimg.cc/yx8zCpdp/48A.webp,https://i.postimg.cc/vT2wY7xY/48B.webp,https://i.postimg.cc/B6gGyfq1/48C.webp,,,2999,2499,"Stylish, super soft and utterly comfortable...",women,S,M,L,XL
688625939138f2e695db2de2,37,Ascot Navy Relaxed Fit Quilted Jacket,BLACKSMITH,https://cdn.shopify.com/s/files/1/0266/6276/4597/products/100001_300870329_068_1_1024x1024.jpg?v=1639037160,https://cdn.shopify.com/s/files/1/0266/6276/4597/products/100001_300870329_068_1_1024x1024.jpg?v=1639037160,https://cdn.shopify.com/s/files/1/0266/6276/4597/products/100001_300870329_068_2_1024x1024.jpg?v=1639037160,https://cdn.shopify.com/s/files/1/0266/6276/4597/products/100001_300870329_068_3_1024x1024.jpg?v=1639037160,https://cdn.shopify.com/s/files/1/0266/6276/4597/products/100001_300870329_068_4_1024x1024.jpg?v=1639037160,4599,3999,Classic black bomber jacket with zip closure and ribbed hems.,men,S,M,L,XL
688625939138f2e695db2de3,38,Ascot Wine Checkered Relaxed Fit Shirt,BLACKSMITH,https://cdn.shopify.com/s/files/1/0266/6276/4597/products/100001_300882630_025_1_1024x1024.jpg?v=1639037127,https://cdn.shopify.com/s/files/1/0266/6276/4597/products/100001_300882630_025_1_1024x1024.jpg?v=1639037127,https://cdn.shopify.com/s/files/1/0266/6276/4597/products/100001_300882630_025_2_1024x1024.jpg?v=1639037127,https://cdn.shopify.com/s/files/1/0266/6276/4597/products/100001_300882630_025_3_1024x1024.jpg?v=1639037127,https://cdn.shopify.com/s/files/1/0266/6276/4597/products/100001_300882630_025_4_1024x1024.jpg?v=1639037127,4599,1299,Classic black bomber jacket with zip closure and ribbed hems.,men,S,M,L,XL
688625939138f2e695db2de4,39,Ascot Grey Textured Relaxed Fit Shirt,BLACKSMITH,https://cdn.shopify.com/s/files/1/0266/6276/4597/products/100001_300882634_064_1_1024x1024.jpg?v=1639037128,https://cdn.shopify.com/s/files/1/0266/6276/4597/products/100001_300882634_064_1_1024x1024.jpg?v=1639037128,https://cdn.shopify.com/s/files/1/0266/6276/4597/products/100001_300882634_064_2_1024x1024.jpg?v=1639037128,https://cdn.shopify.com/s/files/1/0266/6276/4597/products/100001_300882634_064_3_1024x1024.jpg?v=1639037128,https://cdn.shopify.com/s/files/1/0266/6276/4597/products/100001_300882634_064_4_1024x1024.jpg?v=1639037129,4599,1499,Classic black bomber jacket with zip closure and ribbed hems.,men,S,M,L,XL
688625939138f2e695db2de5,40,Ascot White Relaxed Fit Shirt,BLACKSMITH,https://cdn.shopify.com/s/files/1/0266/6276/4597/products/100001_300865629_092_1_1024x1024.jpg?v=1628902470,https://cdn.shopify.com/s/files/1/0266/6276/4597/products/100001_300865629_092_1_1024x1024.jpg?v=1628902470,https://cdn.shopify.com/s/files/1/0266/6276/4597/products/100001_300865629_092_2_1024x1024.jpg?v=1628950332,https://cdn.shopify.com/s/files/1/0266/6276/4597/products/100001_300865629_092_3_1024x1024.jpg?v=1628950332,https://cdn.shopify.com/s/files/1/0266/6276/4597/products/100001_300865629_092_4_1024x1024.jpg?v=1628950332,4599,1299,Classic black bomber jacket with zip closure and ribbed hems.,men,S,M,L,XL
688625939138f2e695db2de6,41,Ascot Dark Blue Textured Relaxed Fit Sweater,BLACKSMITH,https://cdn.shopify.com/s/files/1/0266/6276/4597/products/NO-TAG_1_1024x1024.jpg?v=1633781401,https://cdn.shopify.com/s/files/1/0266/6276/4597/products/NO-TAG_1_1024x1024.jpg?v=1633781401,https://cdn.shopify.com/s/files/1/0266/6276/4597/products/NO-TAG_2_1024x1024.jpg?v=1633781401,https://cdn.shopify.com/s/files/1/0266/6276/4597/products/NO-TAG_3_1024x1024.jpg?v=1633781401,https://cdn.shopify.com/s/files/1/0266/6276/4597/products/NO-TAG_4_1024x1024.jpg?v=1633781401,4599,1499,Classic black bomber jacket with zip closure and ribbed hems.,men,S,M,L,XL
688625939138f2e695db2de7,42,Ascot Navy Relaxed-Fit Stripe Textured T-Shirt,BLACKSMITH,https://cdn.shopify.com/s/files/1/0266/6276/4597/products/100001_300865632_068_1_1024x1024.jpg?v=1628902501,https://cdn.shopify.com/s/files/1/0266/6276/4597/products/100001_300865632_068_1_1024x1024.jpg?v=1628902501,https://cdn.shopify.com/s/files/1/0266/6276/4597/products/100001_300865632_068_2_1024x1024.jpg?v=1628950393,https://cdn.shopify.com/s/files/1/0266/6276/4597/products/100001_300865632_068_3_1024x1024.jpg?v=1628950394,https://cdn.shopify.com/s/files/1/0266/6276/4597/products/100001_300865632_068_4_1024x1024.jpg?v=1628950394,4599,1299,Classic black bomber jacket with zip closure and ribbed hems.,men,S,M,L,XL
688625939138f2e695db2de8,43,Ascot Grey Relaxed Fit Ribbed T-Shirt,BLACKSMITH,https://cdn.shopify.com/s/files/1/0266/6276/4597/products/300870334GREY_1_1024x1024.jpg?v=1634999882,https://cdn.shopify.com/s/files/1/0266/6276/4597/products/300870334GREY_1_1024x1024.jpg?v=1634999882,https://cdn.shopify.com/s/files/1/0266/6276/4597/products/300870334GREY_2_1024x1024.jpg?v=1634999882,https://cdn.shopify.com/s/files/1/0266/6276/4597/products/300870334GREY_3_1024x1024.jpg?v=1634999882,https://cdn.shopify.com/s/files/1/0266/6276/4597/products/300870334GREY_4_1024x1024.jpg?v=1634999882,4599,799,Classic black bomber jacket with zip closure and ribbed hems.,men,S,M,L,XL
688625939138f2e695db2de9,44,Ascot Wine Ribbed Relaxed-Fit T-Shirt,BLACKSMITH,https://cdn.shopify.com/s/files/1/0266/6276/4597/products/100001_300875192_025_1_1024x1024.jpg?v=1638051473,https://cdn.shopify.com/s/files/1/0266/6276/4597/products/100001_300875192_025_1_1024x1024.jpg?v=1638051473,https://cdn.shopify.com/s/files/1/0266/6276/4597/products/100001_300875192_025_2_1024x1024.jpg?v=1638051473,https://cdn.shopify.com/s/files/1/0266/6276/4597/products/100001_300875192_025_3_1024x1024.jpg?v=1638051473,https://cdn.shopify.com/s/files/1/0266/6276/4597/products/100001_300870329_068_4_1024x1024.jpg?v=1639037160,4599,1299,Classic black bomber jacket with zip closure and ribbed hems.,men,S,M,L,XL
688625939138f2e695db2dea,45,Ascot Navy Relaxed Fit Textured Polo T-Shirt,BLACKSMITH,https://cdn.shopify.com/s/files/1/0266/6276/4597/products/300870335NAVY_1_1024x1024.jpg?v=1634999885,https://cdn.shopify.com/s/files/1/0266/6276/4597/products/300870335NAVY_1_1024x1024.jpg?v=1634999885,https://cdn.shopify.com/s/files/1/0266/6276/4597/products/300870335NAVY_2_1024x1024.jpg?v=1634999885,https://cdn.shopify.com/s/files/1/0266/6276/4597/products/300870335NAVY_3_1024x1024.jpg?v=1634999885,https://cdn.shopify.com/s/files/1/0266/6276/4597/products/300870335NAVY_4_1024x1024.jpg?v=1634999885,4599,599,Classic black bomber jacket with zip closure and ribbed hems.,men,S,M,L,XL
688625939138f2e695db2deb,46,Ascot Black Ribbed Textured Relaxed Fit T-Shirt,BLACKSMITH,https://cdn.shopify.com/s/files/1/0266/6276/4597/products/100001_300870333_002_1_1024x1024.jpg?v=1634193948,https://cdn.shopify.com/s/files/1/0266/6276/4597/products/100001_300870333_002_1_1024x1024.jpg?v=1634193948,https://cdn.shopify.com/s/files/1/0266/6276/4597/products/100001_300870333_002_2_1024x1024.jpg?v=1634193948,https://cdn.shopify.com/s/files/1/0266/6276/4597/products/100001_300870333_002_3_1024x1024.jpg?v=1634193948,https://cdn.shopify.com/s/files/1/0266/6276/4597/products/100001_300870333_002_4_1024x1024.jpg?v=1634193948,4599,799,Classic black bomber jacket with zip closure and ribbed hems.,men,S,M,L,XL
688625939138f2e695db2dec,47,Ascot Wine Relaxed Fit Shirt,BLACKSMITH,https://cdn.shopify.com/s/files/1/0266/6276/4597/products/300875188WINE_1_1024x1024.jpg?v=1634999701,https://cdn.shopify.com/s/files/1/0266/6276/4597/products/300875188WINE_1_1024x1024.jpg?v=1634999701,https://cdn.shopify.com/s/files/1/0266/6276/4597/products/300875188WINE_2_1024x1024.jpg?v=1634999701,https://cdn.shopify.com/s/files/1/0266/6276/4597/products/300875188WINE_3_1024x1024.jpg?v=1634999701,https://cdn.shopify.com/s/files/1/0266/6276/4597/products/300875188WINE_4_1024x1024.jpg?v=1634999701,4599,1299,Classic black bomber jacket with zip closure and ribbed hems.,men,S,M,L,XL
688625939138f2e695db2ded,48,Ascot Off White Turtleneck Relaxed Fit Sweater,BLACKSMITH,https://cdn.shopify.com/s/files/1/0266/6276/4597/products/100001_300869536_082_1_1024x1024.jpg?v=1634755290,https://cdn.shopify.com/s/files/1/0266/6276/4597/products/100001_300869536_082_1_1024x1024.jpg?v=1634755290,https://cdn.shopify.com/s/files/1/0266/6276/4597/products/100001_300869536_082_2_1024x1024.jpg?v=1634755290,https://cdn.shopify.com/s/files/1/0266/6276/4597/products/100001_300869536_082_3_1024x1024.jpg?v=1634755290,https://cdn.shopify.com/s/files/1/0266/6276/4597/products/100001_300869536_082_4_1024x1024.jpg?v=1634755290,4599,1699,Classic black bomber jacket with zip closure and ribbed hems.,men,S,M,L,XL
688625939138f2e695db2dee,49,Ascot Luxury Blue Relaxed Fit Floral Shirt,BLACKSMITH,https://cdn.shopify.com/s/files/1/0266/6276/4597/products/2050026716216_1_1024x1024.jpg?v=1636708401,https://cdn.shopify.com/s/files/1/0266/6276/4597/products/2050026716216_1_1024x1024.jpg?v=1636708401,https://cdn.shopify.com/s/files/1/0266/6276/4597/products/2050026716216_2_1024x1024.jpg?v=1636708401,https://cdn.shopify.com/s/files/1/0266/6276/4597/products/2050026716216_3_1024x1024.jpg?v=1636708400,https://cdn.shopify.com/s/files/1/0266/6276/4597/products/2050026716216_4_1024x1024.jpg?v=1636708401,4599,1999,Classic black bomber jacket with zip closure and ribbed hems.,men,S,M,L,XL
688625939138f2e695db2def,50,Ascot Luxury White Solid Relaxed Fit Shirt,BLACKSMITH,https://cdn.shopify.com/s/files/1/0266/6276/4597/products/300869544WHITE_1_1024x1024.jpg?v=1634999754,https://cdn.shopify.com/s/files/1/0266/6276/4597/products/300869544WHITE_1_1024x1024.jpg?v=1634999754,https://cdn.shopify.com/s/files/1/0266/6276/4597/products/300869544WHITE_2_1024x1024.jpg?v=1634999754,https://cdn.shopify.com/s/files/1/0266/6276/4597/products/300869544WHITE_3_1024x1024.jpg?v=1634999754,https://cdn.shopify.com/s/files/1/0266/6276/4597/products/300869544WHITE_4_1024x1024.jpg?v=1634999754,4599,1999,Classic black bomber jacket with zip closure and ribbed hems.,men,S,M,L,XL
688625939138f2e695db2df0,51,Ascot Luxury Navy Self-Texture Relaxed Fit Shirt,BLACKSMITH,https://cdn.shopify.com/s/files/1/0266/6276/4597/products/300869548NAVY_1_1024x1024.jpg?v=1634999765,https://cdn.shopify.com/s/files/1/0266/6276/4597/products/300869548NAVY_1_1024x1024.jpg?v=1634999765,https://cdn.shopify.com/s/files/1/0266/6276/4597/products/300869548NAVY_2_1024x1024.jpg?v=1634999765,https://cdn.shopify.com/s/files/1/0266/6276/4597/products/300869548NAVY_3_1024x1024.jpg?v=1634999765,https://cdn.shopify.com/s/files/1/0266/6276/4597/products/300869548NAVY_4_1024x1024.jpg?v=1634999765,4599,1999,Classic black bomber jacket with zip closure and ribbed hems.,men,S,M,L,XL
688625939138f2e695db2df1,52,Ascot Luxury Red Relaxed Fit Cross Print Shirt,BLACKSMITH,https://cdn.shopify.com/s/files/1/0266/6276/4597/products/300869543RED_1_1024x1024.jpg?v=1634999754,https://cdn.shopify.com/s/files/1/0266/6276/4597/products/300869543RED_1_1024x1024.jpg?v=1634999754,https://cdn.shopify.com/s/files/1/0266/6276/4597/products/300869543RED_2_1024x1024.jpg?v=1634999754,https://cdn.shopify.com/s/files/1/0266/6276/4597/products/300869543RED_3_1024x1024.jpg?v=1634999754,https://cdn.shopify.com/s/files/1/0266/6276/4597/products/300869543RED_4_1024x1024.jpg?v=1634999754,4599,1999,Classic black bomber jacket with zip closure and ribbed hems.,men,S,M,L,XL
688625939138f2e695db2df2,53,Ascot Luxury Blue Relaxed Fit Shirt,BLACKSMITH,https://cdn.shopify.com/s/files/1/0266/6276/4597/products/300869545BLUE_1_1024x1024.jpg?v=1634999754,https://cdn.shopify.com/s/files/1/0266/6276/4597/products/300869545BLUE_1_1024x1024.jpg?v=1634999754,https://cdn.shopify.com/s/files/1/0266/6276/4597/products/300869545BLUE_2_1024x1024.jpg?v=1634999754,https://cdn.shopify.com/s/files/1/0266/6276/4597/products/300869545BLUE_3_1024x1024.jpg?v=1634999754,https://cdn.shopify.com/s/files/1/0266/6276/4597/products/300869545BLUE_4_1024x1024.jpg?v=1634999754,4599,1999,Classic black bomber jacket with zip closure and ribbed hems.,men,S,M,L,XL
688625939138f2e695db2df3,54,Ascot Black Relaxed Fit Jacket,BLACKSMITH,https://cdn.shopify.com/s/files/1/0266/6276/4597/products/100001_300869526_002_2_1024x1024.jpg?v=1630089657,https://cdn.shopify.com/s/files/1/0266/6276/4597/products/100001_300869526_002_1_1024x1024.jpg?v=1630089657,https://cdn.shopify.com/s/files/1/0266/6276/4597/products/100001_300869526_002_2_1024x1024.jpg?v=1630089657,https://cdn.shopify.com/s/files/1/0266/6276/4597/products/100001_300869526_002_3_1024x1024.jpg?v=1630089657,https://cdn.shopify.com/s/files/1/0266/6276/4597/products/100001_300869526_002_4_1024x1024.jpg?v=1630089657,4599,1999,Classic black bomber jacket with zip closure and ribbed hems.,men,S,M,L,XL
688625939138f2e695db2df4,55,Ascot Olive Relaxed-Fit Polo T-Shirt,BLACKSMITH,https://cdn.shopify.com/s/files/1/0266/6276/4597/products/100001_300849682_069_1_1024x1024.jpg?v=1616144532,https://cdn.shopify.com/s/files/1/0266/6276/4597/products/100001_300849682_069_1_1024x1024.jpg?v=1616144532,https://cdn.shopify.com/s/files/1/0266/6276/4597/products/100001_300849682_069_2_1024x1024.jpg?v=1616144532,https://cdn.shopify.com/s/files/1/0266/6276/4597/products/100001_300849682_069_3_1024x1024.jpg?v=1616144532,https://cdn.shopify.com/s/files/1/0266/6276/4597/products/100001_300849682_069_4_1024x1024.jpg?v=1616144532,4599,599,Classic black bomber jacket with zip closure and ribbed hems.,men,S,M,L,XL
688625939138f2e695db2df5,56,Ascot Indigo Relaxed-Fit Checkered Shirt,BLACKSMITH,https://cdn.shopify.com/s/files/1/0266/6276/4597/products/100001_300852504_036_1_1024x1024.jpg?v=1616770740,https://cdn.shopify.com/s/files/1/0266/6276/4597/products/100001_300852504_036_1_1024x1024.jpg?v=1616770740,https://cdn.shopify.com/s/files/1/0266/6276/4597/products/100001_300852504_036_2_1024x1024.jpg?v=1616770740,https://cdn.shopify.com/s/files/1/0266/6276/4597/products/100001_300852504_036_3_1024x1024.jpg?v=1616770740,https://cdn.shopify.com/s/files/1/0266/6276/4597/products/100001_300852504_036_4_1024x1024.jpg?v=1616770740,4599,799,Classic black bomber jacket with zip closure and ribbed hems.,men,S,M,L,XL
688625939138f2e695db2df6,57,Ascot Olive Relaxed Fit Quilted Jacket,BLACKSMITH,https://cdn.shopify.com/s/files/1/0266/6276/4597/products/2050026749757_1_1024x1024.jpg?v=1640356577,https://cdn.shopify.com/s/files/1/0266/6276/4597/products/2050026749757_1_1024x1024.jpg?v=1640356577,https://cdn.shopify.com/s/files/1/0266/6276/4597/products/2050026749757_2_1024x1024.jpg?v=1640356584,https://cdn.shopify.com/s/files/1/0266/6276/4597/products/2050026749757_3_1024x1024.jpg?v=1640356584,https://cdn.shopify.com/s/files/1/0266/6276/4597/products/2050026749757_4_1024x1024.jpg?v=1640356584,4599,3999,Classic black bomber jacket with zip closure and ribbed hems.,men,S,M,L,XL
688625939138f2e695db2df7,58,Ascot Grey Ribbed Relaxed-Fit Sweatshirt,BLACKSMITH,https://cdn.shopify.com/s/files/1/0266/6276/4597/products/100001_300882790_064_1_1024x1024.jpg?v=1642457108,https://cdn.shopify.com/s/files/1/0266/6276/4597/products/100001_300882790_064_1_1024x1024.jpg?v=1642457108,https://cdn.shopify.com/s/files/1/0266/6276/4597/products/100001_300882790_064_2_1024x1024.jpg?v=1642457108,https://cdn.shopify.com/s/files/1/0266/6276/4597/products/100001_300882790_064_3_1024x1024.jpg?v=1642457108,https://cdn.shopify.com/s/files/1/0266/6276/4597/products/100001_300882790_064_4_1024x1024.jpg?v=1642457108,4599,1499,Classic black bomber jacket with zip closure and ribbed hems.,men,S,M,L,XL
688625939138f2e695db2df8,59,Ascot White and Blue Printed Relaxed-Fit Shirt,BLACKSMITH,https://cdn.shopify.com/s/files/1/0266/6276/4597/products/100001_300882632_092_1_1024x1024.jpg?v=1642457053,https://cdn.shopify.com/s/files/1/0266/6276/4597/products/100001_300882632_092_1_1024x1024.jpg?v=1642457053,https://cdn.shopify.com/s/files/1/0266/6276/4597/products/100001_300882632_092_2_1024x1024.jpg?v=1642457053,https://cdn.shopify.com/s/files/1/0266/6276/4597/products/100001_300882632_092_3_1024x1024.jpg?v=1642457053,https://cdn.shopify.com/s/files/1/0266/6276/4597/products/100001_300882632_092_4_1024x1024.jpg?v=1642457053,4599,1299,Classic black bomber jacket with zip closure and ribbed hems.,men,S,M,L,XL
688625939138f2e695db2df9,60,Ascot Dusty Pink Ribbed Relaxed-Fit Sweatshirt,BLACKSMITH,https://cdn.shopify.com/s/files/1/0266/6276/4597/products/100001_300882789_071_1_1024x1024.jpg?v=1642457113,https://cdn.shopify.com/s/files/1/0266/6276/4597/products/100001_300882789_071_1_1024x1024.jpg?v=1642457113,https://cdn.shopify.com/s/files/1/0266/6276/4597/products/100001_300882789_071_2_1024x1024.jpg?v=1642457113,https://cdn.shopify.com/s/files/1/0266/6276/4597/products/100001_300882789_071_3_1024x1024.jpg?v=1642457113,https://cdn.shopify.com/s/files/1/0266/6276/4597/products/100001_300882789_071_4_1024x1024.jpg?v=1642457113,4599,1499,Classic black bomber jacket with zip closure and ribbed hems.,men,S,M,L,XL
688625939138f2e695db2dfa,61,Ascot Beige Mercerized Relaxed Fit T-Shirt,BLACKSMITH,https://cdn.shopify.com/s/files/1/0266/6276/4597/products/100001_300848946_043_1_1024x1024.jpg?v=1610469421,https://cdn.shopify.com/s/files/1/0266/6276/4597/products/100001_300848946_043_1_1024x1024.jpg?v=1610469421,https://cdn.shopify.com/s/files/1/0266/6276/4597/products/100001_300848946_043_2_1024x1024.jpg?v=1610469421,https://cdn.shopify.com/s/files/1/0266/6276/4597/products/100001_300848946_043_3_1024x1024.jpg?v=1610469421,https://cdn.shopify.com/s/files/1/0266/6276/4597/products/100001_300848946_043_4_1024x1024.jpg?v=1610469422,4599,599,Classic black bomber jacket with zip closure and ribbed hems.,men,S,M,L,XL
688625939138f2e695db2dfb,62,Ascot Dark Blue Relaxed Fit Polo T-Shirt,BLACKSMITH,https://cdn.shopify.com/s/files/1/0266/6276/4597/products/100001_300865636_060_2_1024x1024.jpg?v=1634755280,https://cdn.shopify.com/s/files/1/0266/6276/4597/products/100001_300865636_060_1_1024x1024.jpg?v=1634755280,https://cdn.shopify.com/s/files/1/0266/6276/4597/products/100001_300865636_060_2_1024x1024.jpg?v=1634755280,https://cdn.shopify.com/s/files/1/0266/6276/4597/products/100001_300865636_060_3_1024x1024.jpg?v=1634755280,https://cdn.shopify.com/s/files/1/0266/6276/4597/products/100001_300865636_060_4_1024x1024.jpg?v=1634755280,4599,799,Classic black bomber jacket with zip closure and ribbed hems.,men,S,M,L,XL
688625939138f2e695db2dfc,63,Bombay Paisley Mauve Embroidered Tiered Dress,BLACKSMITH,https://cdn.shopify.com/s/files/1/0266/6276/4597/products/300876761DULL_20PINK_3_1024x1024.jpg?v=1637571393,https://cdn.shopify.com/s/files/1/0266/6276/4597/products/300876761DULL_20PINK_3_1024x1024.jpg?v=1637571393,https://cdn.shopify.com/s/files/1/0266/6276/4597/products/300876761DULL_20PINK_4_1024x1024.jpg?v=1637571393,https://cdn.shopify.com/s/files/1/0266/6276/4597/products/300876761DULL_20PINK_2_1024x1024.jpg?v=1637571393,https://cdn.shopify.com/s/files/1/0266/6276/4597/products/300876761DULL_20PINK_1_1024x1024.jpg?v=1637571393,4999,1299,"Stylish, super soft and utterly comfortable...",women,S,M,L,XL
688625939138f2e695db2dfd,64,Bombay Paisley Dark Mauve Embroidered Tiered Dress,BLACKSMITH,https://cdn.shopify.com/s/files/1/0266/6276/4597/products/100001_300876763_025_1_1024x1024.jpg?v=1637961790,https://cdn.shopify.com/s/files/1/0266/6276/4597/products/100001_300876763_025_1_1024x1024.jpg?v=1637961790,https://cdn.shopify.com/s/files/1/0266/6276/4597/products/100001_300876763_025_2_1024x1024.jpg?v=1637961790,https://cdn.shopify.com/s/files/1/0266/6276/4597/products/100001_300876763_025_3_1024x1024.jpg?v=1637961790,https://cdn.shopify.com/s/files/1/0266/6276/4597/products/100001_300876763_025_4_1024x1024.jpg?v=1637961790,4999,1299,"Stylish, super soft and utterly comfortable...",women,S,M,L,XL
688625939138f2e695db2dfe,65,Bombay Paisley Dull Pink Broderie Anglaise Crop-Top,BLACKSMITH,https://cdn.shopify.com/s/files/1/0266/6276/4597/products/100001_300876775_050_1_1024x1024.jpg?v=1634554043,https://cdn.shopify.com/s/files/1/0266/6276/4597/products/100001_300876775_050_1_1024x1024.jpg?v=1634554043,https://cdn.shopify.com/s/files/1/0266/6276/4597/products/100001_300876775_050_2_1024x1024.jpg?v=1634554043,https://cdn.shopify.com/s/files/1/0266/6276/4597/products/100001_300876775_050_3_1024x1024.jpg?v=1634554043,https://cdn.shopify.com/s/files/1/0266/6276/4597/products/100001_300876775_050_4_1024x1024.jpg?v=1634554043,4999,399,"Stylish, super soft and utterly comfortable...",women,S,M,L,XL
688625939138f2e695db2dff,66,Bombay Paisley Indigo High-Low Ethnic Top,BLACKSMITH,https://cdn.shopify.com/s/files/1/0266/6276/4597/products/100001_300876780_036_1_1024x1024.jpg?v=1638442538,https://cdn.shopify.com/s/files/1/0266/6276/4597/products/100001_300876780_036_1_1024x1024.jpg?v=1638442538,https://cdn.shopify.com/s/files/1/0266/6276/4597/products/100001_300876780_036_2_1024x1024.jpg?v=1638442538,https://cdn.shopify.com/s/files/1/0266/6276/4597/products/100001_300876780_036_3_1024x1024.jpg?v=1638442538,https://cdn.shopify.com/s/files/1/0266/6276/4597/products/100001_300876780_036_4_1024x1024.jpg?v=1638442538,4999,999,"Stylish, super soft and utterly comfortable...",women,S,M,L,XL
688625939138f2e695db2e00,67,Bombay Paisley Sage Floral High-Low Ethnic Top,BLACKSMITH,https://cdn.shopify.com/s/files/1/0266/6276/4597/products/100001_300876781_001_1_1024x1024.jpg?v=1638442539,https://cdn.shopify.com/s/files/1/0266/6276/4597/products/100001_300876781_001_1_1024x1024.jpg?v=1638442539,https://cdn.shopify.com/s/files/1/0266/6276/4597/products/100001_300876781_001_2_1024x1024.jpg?v=1638442539,https://cdn.shopify.com/s/files/1/0266/6276/4597/products/100001_300876781_001_3_1024x1024.jpg?v=1638442539,https://cdn.shopify.com/s/files/1/0266/6276/4597/products/100001_300876781_001_4_1024x1024.jpg?v=1638442539,4999,999,"Stylish, super soft and utterly comfortable...",women,S,M,L,XL
688625939138f2e695db2e01,68,Bombay Paisley Indigo Embroidery Crop Top,BLACKSMITH,https://cdn.shopify.com/s/files/1/0266/6276/4597/products/300874994INDIGO_1_1024x1024.jpg?v=1635000905,https://cdn.shopify.com/s/files/1/0266/6276/4597/products/300874994INDIGO_1_1024x1024.jpg?v=1635000905,https://cdn.shopify.com/s/files/1/0266/6276/4597/products/300874994INDIGO_2_1024x1024.jpg?v=1635000905,https://cdn.shopify.com/s/files/1/0266/6276/4597/products/300874994INDIGO_3_1024x1024.jpg?v=1635000905,https://cdn.shopify.com/s/files/1/0266/6276/4597/products/300874994INDIGO_4_1024x1024.jpg?v=1635000905,4999,599,"Stylish, super soft and utterly comfortable...",women,S,M,L,XL
688625939138f2e695db2e02,69,Bombay Paisley Peach Floral Tiered Belted Dress,BLACKSMITH,https://cdn.shopify.com/s/files/1/0266/6276/4597/products/100001_300871047_015_1_1024x1024.jpg?v=1635548702,https://cdn.shopify.com/s/files/1/0266/6276/4597/products/100001_300871047_015_1_1024x1024.jpg?v=1635548702,https://cdn.shopify.com/s/files/1/0266/6276/4597/products/100001_300871047_015_2_1024x1024.jpg?v=1635548702,https://cdn.shopify.com/s/files/1/0266/6276/4597/products/100001_300871047_015_3_1024x1024.jpg?v=1635548702,https://cdn.shopify.com/s/files/1/0266/6276/4597/products/100001_300871047_015_4_1024x1024.jpg?v=1635548703,4999,1899,"Stylish, super soft and utterly comfortable...",women,S,M,L,XL
688625939138f2e695db2e03,70,Bombay Paisley Grey Embroidered Cropped Top,BLACKSMITH,https://cdn.shopify.com/s/files/1/0266/6276/4597/products/100001_300874993_043_1_1024x1024.jpg?v=1637961664,https://cdn.shopify.com/s/files/1/0266/6276/4597/products/100001_300874993_043_1_1024x1024.jpg?v=1637961664,https://cdn.shopify.com/s/files/1/0266/6276/4597/products/100001_300874993_043_2_1024x1024.jpg?v=1637961664,https://cdn.shopify.com/s/files/1/0266/6276/4597/products/100001_300874993_043_3_1024x1024.jpg?v=1637961664,https://cdn.shopify.com/s/files/1/0266/6276/4597/products/100001_300874993_043_4_1024x1024.jpg?v=1637961664,4999,599,"Stylish, super soft and utterly comfortable...",women,S,M,L,XL
688625939138f2e695db2e04,71,Bombay Paisley Purple High-Low Ethnic Top,BLACKSMITH,https://cdn.shopify.com/s/files/1/0266/6276/4597/products/100001_300876782_025_1_1024x1024.jpg?v=1637961800,https://cdn.shopify.com/s/files/1/0266/6276/4597/products/100001_300876782_025_1_1024x1024.jpg?v=1637961800,https://cdn.shopify.com/s/files/1/0266/6276/4597/products/100001_300876782_025_2_1024x1024.jpg?v=1637961800,https://cdn.shopify.com/s/files/1/0266/6276/4597/products/100001_300876782_025_3_1024x1024.jpg?v=1637961800,https://cdn.shopify.com/s/files/1/0266/6276/4597/products/100001_300876782_025_4_1024x1024.jpg?v=1637961800,4999,999,"Stylish, super soft and utterly comfortable...",women,S,M,L,XL
688625939138f2e695db2e05,72,Bombay Paisley Olive Embroidered Cropped Top,BLACKSMITH,https://cdn.shopify.com/s/files/1/0266/6276/4597/products/100001_300874996_069_1_1024x1024.jpg?v=1637961666,https://cdn.shopify.com/s/files/1/0266/6276/4597/products/100001_300874996_069_1_1024x1024.jpg?v=1637961666,https://cdn.shopify.com/s/files/1/0266/6276/4597/products/100001_300874996_069_2_1024x1024.jpg?v=1637961666,https://cdn.shopify.com/s/files/1/0266/6276/4597/products/100001_300874996_069_3_1024x1024.jpg?v=1637961666,https://cdn.shopify.com/s/files/1/0266/6276/4597/products/100001_300874996_069_4_1024x1024.jpg?v=1637961666,4999,599,"Stylish, super soft and utterly comfortable...",women,S,M,L,XL
688625939138f2e695db2e06,73,Bombay Paisley Light-Blue Tiered Dress,BLACKSMITH,https://cdn.shopify.com/s/files/1/0266/6276/4597/products/100001_300876762_039_1_1024x1024.jpg?v=1638051501,https://cdn.shopify.com/s/files/1/0266/6276/4597/products/100001_300876762_039_1_1024x1024.jpg?v=1638051501,https://cdn.shopify.com/s/files/1/0266/6276/4597/products/100001_300876762_039_2_1024x1024.jpg?v=1638051501,https://cdn.shopify.com/s/files/1/0266/6276/4597/products/100001_300876762_039_3_1024x1024.jpg?v=1638051501,https://cdn.shopify.com/s/files/1/0266/6276/4597/products/100001_300876762_039_4_1024x1024.jpg?v=1638051501,4999,1299,"Stylish, super soft and utterly comfortable...",women,S,M,L,XL
688625939138f2e695db2e07,74,Bombay Paisley Grey Floral Tiered Belted Dress,BLACKSMITH,https://cdn.shopify.com/s/files/1/0266/6276/4597/products/300871045-CHARCOAL5_1_1024x1024.jpg?v=1635549994,https://cdn.shopify.com/s/files/1/0266/6276/4597/products/300871045-CHARCOAL5_1_1024x1024.jpg?v=1635549994,https://cdn.shopify.com/s/files/1/0266/6276/4597/products/300871045-CHARCOAL5_2_1024x1024.jpg?v=1635549994,https://cdn.shopify.com/s/files/1/0266/6276/4597/products/300871045-CHARCOAL5_3_1024x1024.jpg?v=1635549993,https://cdn.shopify.com/s/files/1/0266/6276/4597/products/300871045-CHARCOAL5_4_1024x1024.jpg?v=1635549994,4999,1899,"Stylish, super soft and utterly comfortable...",women,S,M,L,XL
688625939138f2e695db2e08,75,Bombay Paisley Wine High-Waist Palazzos,BLACKSMITH,https://cdn.shopify.com/s/files/1/0266/6276/4597/products/100001_300871039_025_1_1024x1024.jpg?v=1634553993,https://cdn.shopify.com/s/files/1/0266/6276/4597/products/100001_300871039_025_1_1024x1024.jpg?v=1634553993,https://cdn.shopify.com/s/files/1/0266/6276/4597/products/100001_300871039_025_2_1024x1024.jpg?v=1634553993,https://cdn.shopify.com/s/files/1/0266/6276/4597/products/100001_300871039_025_3_1024x1024.jpg?v=1634553993,https://cdn.shopify.com/s/files/1/0266/6276/4597/products/100001_300871039_025_4_1024x1024.jpg?v=1634553993,4999,1299,"Stylish, super soft and utterly comfortable...",women,S,M,L,XL
688625939138f2e695db2e09,76,Bombay Paisley Grey Shirtdress with Belt,BLACKSMITH,https://cdn.shopify.com/s/files/1/0266/6276/4597/products/2050026927766_1_1024x1024.jpg?v=1635551886,https://cdn.shopify.com/s/files/1/0266/6276/4597/products/2050026927766_1_1024x1024.jpg?v=1635551886,https://cdn.shopify.com/s/files/1/0266/6276/4597/products/2050026927766_2_1024x1024.jpg?v=1635551905,https://cdn.shopify.com/s/files/1/0266/6276/4597/products/2050026927766_3_1024x1024.jpg?v=1635551908,https://cdn.shopify.com/s/files/1/0266/6276/4597/products/2050026927766_4_1024x1024.jpg?v=1635551907,4999,1499,"Stylish, super soft and utterly comfortable...",women,S,M,L,XL
688625939138f2e695db2e0a,77,Bombay Paisley Peach Smocked Waist Crop-Top,BLACKSMITH,https://cdn.shopify.com/s/files/1/0266/6276/4597/products/100001_300871063_050_1_1024x1024.jpg?v=1634233145,https://cdn.shopify.com/s/files/1/0266/6276/4597/products/100001_300871063_050_1_1024x1024.jpg?v=1634233145,https://cdn.shopify.com/s/files/1/0266/6276/4597/products/100001_300871063_050_2_1024x1024.jpg?v=1634233145,https://cdn.shopify.com/s/files/1/0266/6276/4597/products/100001_300871063_050_3_1024x1024.jpg?v=1634233145,https://cdn.shopify.com/s/files/1/0266/6276/4597/products/100001_300871063_050_4_1024x1024.jpg?v=1634233145,4999,799,"Stylish, super soft and utterly comfortable...",women,S,M,L,XL
688625939138f2e695db2e0b,78,Bombay Paisley Off White Floral Shirtdress,BLACKSMITH,https://cdn.shopify.com/s/files/1/0266/6276/4597/products/100001_300863786_082_1_1024x1024.jpg?v=1629491441,https://cdn.shopify.com/s/files/1/0266/6276/4597/products/100001_300863786_082_1_1024x1024.jpg?v=1629491441,https://cdn.shopify.com/s/files/1/0266/6276/4597/products/100001_300863786_082_2_1024x1024.jpg?v=1629491441,https://cdn.shopify.com/s/files/1/0266/6276/4597/products/100001_300863786_082_3_1024x1024.jpg?v=1629491441,https://cdn.shopify.com/s/files/1/0266/6276/4597/products/100001_300863786_082_4_1024x1024.jpg?v=1629491441,4999,1499,"Stylish, super soft and utterly comfortable...",women,S,M,L,XL
688625939138f2e695db2e0c,79,Bombay Paisley Ochre Floral Printed Crop-Top,BLACKSMITH,https://cdn.shopify.com/s/files/1/0266/6276/4597/products/100001_300876772_078_1_1024x1024.jpg?v=1634554041,https://cdn.shopify.com/s/files/1/0266/6276/4597/products/100001_300876772_078_1_1024x1024.jpg?v=1634554041,https://cdn.shopify.com/s/files/1/0266/6276/4597/products/100001_300876772_078_2_1024x1024.jpg?v=1634554041,https://cdn.shopify.com/s/files/1/0266/6276/4597/products/100001_300876772_078_3_1024x1024.jpg?v=1634554041,https://cdn.shopify.com/s/files/1/0266/6276/4597/products/100001_300876772_078_4_1024x1024.jpg?v=1634554041,4999,599,"Stylish, super soft and utterly comfortable...",women,S,M,L,XL
688625939138f2e695db2e0d,80,Bombay Paisley Multicolour Shirtdress With Belt,BLACKSMITH,https://cdn.shopify.com/s/files/1/0266/6276/4597/products/100001_300863778_064_1_1024x1024.jpg?v=1629491417,https://cdn.shopify.com/s/files/1/0266/6276/4597/products/100001_300863778_064_1_1024x1024.jpg?v=1629491417,https://cdn.shopify.com/s/files/1/0266/6276/4597/products/100001_300863778_064_2_1024x1024.jpg?v=1629491417,https://cdn.shopify.com/s/files/1/0266/6276/4597/products/100001_300863778_064_3_1024x1024.jpg?v=1629491417,https://cdn.shopify.com/s/files/1/0266/6276/4597/products/100001_300863778_064_4_1024x1024.jpg?v=1629491417,4999,1699,"Stylish, super soft and utterly comfortable...",women,S,M,L,XL
688625939138f2e695db2e0e,81,Bombay Paisley Red Shirtdress With Belt,BLACKSMITH,https://cdn.shopify.com/s/files/1/0266/6276/4597/products/100001_300863779_073_1_1024x1024.jpg?v=1629491420,https://cdn.shopify.com/s/files/1/0266/6276/4597/products/100001_300863779_073_1_1024x1024.jpg?v=1629491420,https://cdn.shopify.com/s/files/1/0266/6276/4597/products/100001_300863779_073_2_1024x1024.jpg?v=1629491420,https://cdn.shopify.com/s/files/1/0266/6276/4597/products/100001_300863779_073_3_1024x1024.jpg?v=1629491420,https://cdn.shopify.com/s/files/1/0266/6276/4597/products/100001_300863779_073_4_1024x1024.jpg?v=1629491420,4999,1699,"Stylish, super soft and utterly comfortable...",women,S,M,L,XL
688625939138f2e695db2e0f,82,Bombay Paisley Dark Grey Shirtdress with Belt,BLACKSMITH,https://cdn.shopify.com/s/files/1/0266/6276/4597/products/100001_300876758_016_1_1024x1024.jpg?v=1636143118,https://cdn.shopify.com/s/files/1/0266/6276/4597/products/100001_300876758_016_1_1024x1024.jpg?v=1636143118,https://cdn.shopify.com/s/files/1/0266/6276/4597/products/100001_300876758_016_2_1024x1024.jpg?v=1636143118,https://cdn.shopify.com/s/files/1/0266/6276/4597/products/100001_300876758_016_3_1024x1024.jpg?v=1636143118,https://cdn.shopify.com/s/files/1/0266/6276/4597/products/100001_300876758_016_4_1024x1024.jpg?v=1636143118,4999,1499,"Stylish, super soft and utterly comfortable...",women,S,M,L,XL
688625939138f2e695db2e10,83,Bombay Paisley Sage Floral Tiered Dress,BLACKSMITH,https://cdn.shopify.com/s/files/1/0266/6276/4597/products/100001_300870167_042_1_1024x1024.jpg?v=1636657132,https://cdn.shopify.com/s/files/1/0266/6276/4597/products/100001_300870167_042_1_1024x1024.jpg?v=1636657132,https://cdn.shopify.com/s/files/1/0266/6276/4597/products/100001_300870167_042_2_1024x1024.jpg?v=1636657132,https://cdn.shopify.com/s/files/1/0266/6276/4597/products/100001_300870167_042_3_1024x1024.jpg?v=1636657132,https://cdn.shopify.com/s/files/1/0266/6276/4597/products/100001_300870167_042_4_1024x1024.jpg?v=1636657132,4999,1299,"Stylish, super soft and utterly comfortable...",women,S,M,L,XL
688625939138f2e695db2e11,84,Bombay Paisley Charcoal Floral Maxi Dress,BLACKSMITH,https://cdn.shopify.com/s/files/1/0266/6276/4597/products/100001_300870168_016_1_1024x1024.jpg?v=1636657131,https://cdn.shopify.com/s/files/1/0266/6276/4597/products/100001_300870168_016_1_1024x1024.jpg?v=1636657131,https://cdn.shopify.com/s/files/1/0266/6276/4597/products/100001_300870168_016_2_1024x1024.jpg?v=1636657131,https://cdn.shopify.com/s/files/1/0266/6276/4597/products/100001_300870168_016_3_1024x1024.jpg?v=1636657132,https://cdn.shopify.com/s/files/1/0266/6276/4597/products/100001_300870168_016_4_1024x1024.jpg?v=1636657132,4999,1299,"Stylish, super soft and utterly comfortable...",women,S,M,L,XL
688625939138f2e695db2e12,85,Ascot Navy Relaxed Fit Quilted Jacket,BLACKSMITH,https://cdn.shopify.com/s/files/1/0266/6276/4597/products/100001_300870329_068_1_1024x1024.jpg?v=1639037160,https://cdn.shopify.com/s/files/1/0266/6276/4597/products/100001_300870329_068_2_1024x1024.jpg?v=1639037160,https://cdn.shopify.com/s/files/1/0266/6276/4597/products/100001_300870329_068_3_1024x1024.jpg?v=1639037160,https://cdn.shopify.com/s/files/1/0266/6276/4597/products/100001_300870329_068_4_1024x1024.jpg?v=1639037160,https://cdn.shopify.com/s/files/1/0266/6276/4597/products/100001_300870329_068_4_1024x1024.jpg?v=1639037160,4999,4999,"Stylish, super soft and utterly comfortable...",men,S,M,L,XL
6892512708ceb94b4607d9f0,86,HOP Kids Off-White Fit and Flare Dress,HOP,https://cdn.shopify.com/s/files/1/0266/6276/4597/products/2050026768536_1_1024x1024.jpg?v=1632491462,https://cdn.shopify.com/s/files/1/0266/6276/4597/products/2050026768536_1_1024x1024.jpg?v=1632491462,https://cdn.shopify.com/s/files/1/0266/6276/4597/products/2050026768536_2_1024x1024.jpg?v=1632491462,https://cdn.shopify.com/s/files/1/0266/6276/4597/products/2050026768536_3_1024x1024.jpg?v=1632491462,,1199,1099,A stylish off-white fit and flare dress for kids.,kids,0-3 M,3-6 M,6-9 M,9-12M
6892512708ceb94b4607d9f1,87,HOP Baby Dark Pink Floral Belted Dress,HOP,https://cdn.shopify.com/s/files/1/0266/6276/4597/products/100001_300875621_071_1_1024x1024.jpg?v=1634201444,https://cdn.shopify.com/s/files/1/0266/6276/4597/products/100001_300875621_071_1_1024x1024.jpg?v=1634201444,https://cdn.shopify.com/s/files/1/0266/6276/4597/products/100001_300875621_071_2_1024x1024.jpg?v=1634201444,https://cdn.shopify.com/s/files/1/0266/6276/4597/products/100001_300875621_071_3_1024x1024.jpg?v=1634201444,,1199,899,A stylish off-white fit and flare dress for kids.,kids,0-3 M,3-6 M,6-9 M,9-12M
6892512708ceb94b4607d9f2,88,HOP Baby Light Pink Striped Molly Dress,HOP,https://cdn.shopify.com/s/files/1/0266/6276/4597/products/100001_300855031_050_1_1024x1024.jpg?v=1625584126,https://cdn.shopify.com/s/files/1/0266/6276/4597/products/100001_300855031_050_1_1024x1024.jpg?v=1625584126,https://cdn.shopify.com/s/files/1/0266/6276/4597/products/100001_300855031_050_2_1024x1024.jpg?v=1625584126,https://cdn.shopify.com/s/files/1/0266/6276/4597/products/100001_300855031_050_3_1024x1024.jpg?v=1625584126,,1199,299,A stylish off-white fit and flare dress for kids.,kids,0-3 M,3-6 M,6-9 M,9-12M
6892512708ceb94b4607d9f3,89,HOP Kids Rose Gold Sequinned Dress,HOP,https://cdn.shopify.com/s/files/1/0266/6276/4597/products/100001_300870890_033_1_1024x1024.jpg?v=1634565399,https://cdn.shopify.com/s/files/1/0266/6276/4597/products/100001_300870890_033_1_1024x1024.jpg?v=1634565399,https://cdn.shopify.com/s/files/1/0266/6276/4597/products/100001_300870890_033_2_1024x1024.jpg?v=1634565399,https://cdn.shopify.com/s/files/1/0266/6276/4597/products/100001_300870890_033_3_1024x1024.jpg?v=1634565400,,1199,1299,A stylish off-white fit and flare dress for kids.,kids,0-3 M,3-6 M,6-9 M,9-12M
6892512708ceb94b4607d9f4,90,HOP Kids Yellow Honeycomb Design Dress,HOP,https://cdn.shopify.com/s/files/1/0266/6276/4597/products/100001_300871439_078_1_1024x1024.jpg?v=1634565401,https://cdn.shopify.com/s/files/1/0266/6276/4597/products/100001_300871439_078_1_1024x1024.jpg?v=1634565401,https://cdn.shopify.com/s/files/1/0266/6276/4597/products/100001_300871439_078_2_1024x1024.jpg?v=1634565401,https://cdn.shopify.com/s/files/1/0266/6276/4597/products/100001_300871439_078_3_1024x1024.jpg?v=1634565401,,1199,1299,A stylish off-white fit and flare dress for kids.,kids,0-3 M,3-6 M,6-9 M,9-12M
6892512708ceb94b4607d9f5,91,HOP Baby Pink Star Design Andrea Dress,HOP,https://cdn.shopify.com/s/files/1/0266/6276/4597/products/300875620RASPBERRY_1_1024x1024.jpg?v=1634999237,https://cdn.shopify.com/s/files/1/0266/6276/4597/products/300875620RASPBERRY_1_1024x1024.jpg?v=1634999237,https://cdn.shopify.com/s/files/1/0266/6276/4597/products/300875620RASPBERRY_2_1024x1024.jpg?v=1634999238,https://cdn.shopify.com/s/files/1/0266/6276/4597/products/300875620RASPBERRY_3_1024x1024.jpg?v=1634999238,,1199,899,A stylish off-white fit and flare dress for kids.,kids,0-3 M,3-6 M,6-9 M,9-12M
6892512708ceb94b4607d9f6,92,HOP Baby Grey Star Design Dress with Belt,HOP,https://cdn.shopify.com/s/files/1/0266/6276/4597/products/300875623GREY_1_1024x1024.jpg?v=1634999239,https://cdn.shopify.com/s/files/1/0266/6276/4597/products/300875623GREY_1_1024x1024.jpg?v=1634999239,https://cdn.shopify.com/s/files/1/0266/6276/4597/products/300875623GREY_2_1024x1024.jpg?v=1634999239,https://cdn.shopify.com/s/files/1/0266/6276/4597/products/300875623GREY_3_1024x1024.jpg?v=1634999239,,1199,899,A stylish off-white fit and flare dress for kids.,kids,0-3 M,3-6 M,6-9 M,9-12M
6892512708ceb94b4607d9f7,93,Y&F Kids Lavender Sequinned Dress,Y&F,https://cdn.shopify.com/s/files/1/0266/6276/4597/products/100001_300874761_045_1_1024x1024.jpg?v=1635555676,https://cdn.shopify.com/s/files/1/0266/6276/4597/products/100001_300874761_045_1_1024x1024.jpg?v=1635555676,https://cdn.shopify.com/s/files/1/0266/6276/4597/products/100001_300874761_045_2_1024x1024.jpg?v=1635555677,https://cdn.shopify.com/s/files/1/0266/6276/4597/products/100001_300874761_045_3_1024x1024.jpg?v=1635555677,,1199,999,A stylish off-white fit and flare dress for kids.,kids,0-3 M,3-6 M,6-9 M,9-12M
6892512708ceb94b4607d9f8,94,Y&F Kids Multicoloured Holographic-Sequin Dress,Y&F,https://cdn.shopify.com/s/files/1/0266/6276/4597/products/100001_300874981_045_1_1024x1024.jpg?v=1635555682,https://cdn.shopify.com/s/files/1/0266/6276/4597/products/100001_300874981_045_1_1024x1024.jpg?v=1635555682,https://cdn.shopify.com/s/files/1/0266/6276/4597/products/100001_300874981_045_2_1024x1024.jpg?v=1635555682,https://cdn.shopify.com/s/files/1/0266/6276/4597/products/100001_300874981_045_3_1024x1024.jpg?v=1635555682,,1199,1499,A stylish off-white fit and flare dress for kids.,kids,0-3 M,3-6 M,6-9 M,9-12M
6892512708ceb94b4607d9f9,95,HOP Kids Pink Tonal Hooded Jacket,HOP,https://cdn.shopify.com/s/files/1/0266/6276/4597/products/100001_300864506_050_1_1024x1024.jpg?v=1632491701,https://cdn.shopify.com/s/files/1/0266/6276/4597/products/100001_300864506_050_1_1024x1024.jpg?v=1632491701,https://cdn.shopify.com/s/files/1/0266/6276/4597/products/100001_300864506_050_2_1024x1024.jpg?v=1632491701,https://cdn.shopify.com/s/files/1/0266/6276/4597/products/100001_300864506_050_3_1024x1024.jpg?v=1632491701,,1199,999,A stylish off-white fit and flare dress for kids.,kids,0-3 M,3-6 M,6-9 M,9-12M
6892512708ceb94b4607d9fa,96,Y&F Kids Burgundy Text Printed Sweatshirt,Y&F,https://cdn.shopify.com/s/files/1/0266/6276/4597/products/100001_300871198_025_1_1024x1024.jpg?v=1632502019,https://cdn.shopify.com/s/files/1/0266/6276/4597/products/100001_300871198_025_1_1024x1024.jpg?v=1632502019,https://cdn.shopify.com/s/files/1/0266/6276/4597/products/100001_300871198_025_2_1024x1024.jpg?v=1632502019,https://cdn.shopify.com/s/files/1/0266/6276/4597/products/100001_300871198_025_3_1024x1024.jpg?v=1632502019,,1199,699,A stylish off-white fit and flare dress for kids.,kids,0-3 M,3-6 M,6-9 M,9-12M
6892512708ceb94b4607d9fb,97,HOP Baby Coral Polkadot Dress With Belt,HOP,https://cdn.shopify.com/s/files/1/0266/6276/4597/products/100001_300846796_073_1_5095e646-ab52-4f63-89cb-dd3616013108_1024x1024.jpg?v=1609174567,https://cdn.shopify.com/s/files/1/0266/6276/4597/products/100001_300846796_073_1_5095e646-ab52-4f63-89cb-dd3616013108_1024x1024.jpg?v=1609174567,https://cdn.shopify.com/s/files/1/0266/6276/4597/products/100001_300846796_073_2_62e49156-5f81-434d-ab3a-5e8a9a7255f8_1024x1024.jpg?v=1609174567,https://cdn.shopify.com/s/files/1/0266/6276/4597/products/100001_300846796_073_3_72237ff2-6fcb-41a0-95b4-66e2edde969a_1024x1024.jpg?v=1609174567,,1199,299,A stylish off-white fit and flare dress for kids.,kids,0-3 M,3-6 M,6-9 M,9-12M
6892512708ceb94b4607d9fc,98,HOP Baby Blue Polka-Dot Tiered Dress,HOP,https://cdn.shopify.com/s/files/1/0266/6276/4597/products/100001_300853602_056_1_1024x1024.jpg?v=1616770781,https://cdn.shopify.com/s/files/1/0266/6276/4597/products/100001_300853602_056_1_1024x1024.jpg?v=1616770781,https://cdn.shopify.com/s/files/1/0266/6276/4597/products/100001_300853602_056_2_1024x1024.jpg?v=1616770781,https://cdn.shopify.com/s/files/1/0266/6276/4597/products/100001_300853602_056_3_1024x1024.jpg?v=1616770781,,1199,599,A stylish off-white fit and flare dress for kids.,kids,0-3 M,3-6 M,6-9 M,9-12M
6892512708ceb94b4607d9fd,99,HOP Baby Aqua Printed Dresses Set of Two,HOP,https://cdn.shopify.com/s/files/1/0266/6276/4597/products/100001_300853803_045_1_1024x1024.jpg?v=1616770807,https://cdn.shopify.com/s/files/1/0266/6276/4597/products/100001_300853803_045_1_1024x1024.jpg?v=1616770807,https://cdn.shopify.com/s/files/1/0266/6276/4597/products/100001_300853803_045_2_1024x1024.jpg?v=1616770807,https://cdn.shopify.com/s/files/1/0266/6276/4597/products/100001_300853803_045_3_1024x1024.jpg?v=1616770807,,1199,699,A stylish off-white fit and flare dress for kids.,kids,0-3 M,3-6 M,6-9 M,9-12M
6892512708ceb94b4607d9fe,100,HOP Baby Yellow Printed Dresses Set of Two,HOP,https://cdn.shopify.com/s/files/1/0266/6276/4597/products/100001_300853805_078_1_1024x1024.jpg?v=1616771538,https://cdn.shopify.com/s/files/1/0266/6276/4597/products/100001_300853805_078_1_1024x1024.jpg?v=1616771538,https://cdn.shopify.com/s/files/1/0266/6276/4597/products/100001_300853805_078_2_1024x1024.jpg?v=1616771538,https://cdn.shopify.com/s/files/1/0266/6276/4597/products/100001_300853805_078_3_1024x1024.jpg?v=1616771538,,1199,299,A stylish off-white fit and flare dress for kids.,kids,0-3 M,3-6 M,6-9 M,9-12M
6892512708ceb94b4607d9ff,101,HOP Baby Blue Striped Dress,HOP,https://cdn.shopify.com/s/files/1/0266/6276/4597/products/100001_300857904_039_1_1024x1024.jpg?v=1617796498,https://cdn.shopify.com/s/files/1/0266/6276/4597/products/100001_300857904_039_1_1024x1024.jpg?v=1617796498,https://cdn.shopify.com/s/files/1/0266/6276/4597/products/100001_300857904_039_2_1024x1024.jpg?v=1617796498,https://cdn.shopify.com/s/files/1/0266/6276/4597/products/100001_300857904_039_3_1024x1024.jpg?v=1617796498,,1199,299,A stylish off-white fit and flare dress for kids.,kids,0-3 M,3-6 M,6-9 M,9-12M
6892512708ceb94b4607da00,102,HOP Baby Coral Cut-Out Detailed Paula Dress,HOP,https://cdn.shopify.com/s/files/1/0266/6276/4597/products/100001_300861485_052_1_1024x1024.jpg?v=1622828901,https://cdn.shopify.com/s/files/1/0266/6276/4597/products/100001_300861485_052_1_1024x1024.jpg?v=1622828901,https://cdn.shopify.com/s/files/1/0266/6276/4597/products/100001_300861485_052_2_1024x1024.jpg?v=1622828901,https://cdn.shopify.com/s/files/1/0266/6276/4597/products/100001_300861485_052_3_1024x1024.jpg?v=1622828901,,1199,799,A stylish off-white fit and flare dress for kids.,kids,0-3 M,3-6 M,6-9 M,9-12M
6892512708ceb94b4607da01,103,HOP Baby Blue Floral Patterned Dress,HOP,https://cdn.shopify.com/s/files/1/0266/6276/4597/products/100001_300857398_079_1_1024x1024.jpg?v=1623832264,https://cdn.shopify.com/s/files/1/0266/6276/4597/products/100001_300857398_079_1_1024x1024.jpg?v=1623832264,https://cdn.shopify.com/s/files/1/0266/6276/4597/products/100001_300857398_079_2_1024x1024.jpg?v=1623832264,https://cdn.shopify.com/s/files/1/0266/6276/4597/products/100001_300857398_079_3_1024x1024.jpg?v=1623832264,,1199,799,A stylish off-white fit and flare dress for kids.,kids,0-3 M,3-6 M,6-9 M,9-12M
6892512708ceb94b4607da02,104,HOP Baby Yellow Cutout Design Dress,HOP,https://cdn.shopify.com/s/files/1/0266/6276/4597/products/100001_300858023_078_1_1024x1024.jpg?v=1623832362,https://cdn.shopify.com/s/files/1/0266/6276/4597/products/100001_300858023_078_1_1024x1024.jpg?v=1623832362,https://cdn.shopify.com/s/files/1/0266/6276/4597/products/100001_300858023_078_2_1024x1024.jpg?v=1623832362,https://cdn.shopify.com/s/files/1/0266/6276/4597/products/100001_300858023_078_3_1024x1024.jpg?v=1623832362,,1199,599,A stylish off-white fit and flare dress for kids.,kids,0-3 M,3-6 M,6-9 M,9-12M
6892512708ceb94b4607da03,105,HOP Baby Yellow Net Design Dress,HOP,https://cdn.shopify.com/s/files/1/0266/6276/4597/products/100001_300852315_078_1_1024x1024.jpg?v=1624617099,https://cdn.shopify.com/s/files/1/0266/6276/4597/products/100001_300852315_078_1_1024x1024.jpg?v=1624617099,https://cdn.shopify.com/s/files/1/0266/6276/4597/products/100001_300852315_078_2_1024x1024.jpg?v=1624617099,https://cdn.shopify.com/s/files/1/0266/6276/4597/products/100001_300852315_078_3_1024x1024.jpg?v=1624617099,,1199,1199,A stylish off-white fit and flare dress for kids.,kids,0-3 M,3-6 M,6-9 M,9-12M
